{
    "Or23g875aIDTGNwKQASQgA": 6.11575984954834,
    "YO0fC7aJv8PzZ1MGf_F6Vg": 7.135939121246338,
    "_k3XE4g9o6P2ImU9VY28WA": 5.804327011108398,
    "a9jnIeFqCh4-3pjwMaJ-vA": 5.7582478523254395,
    "amlwSiqE8WrghAHO7AHyeg": 6.10693359375
}