{
    "9ExwLe-uYQ1iA2Z_cJDSMQ": 8.756622314453125,
    "HmSxmYEse0eL0Uf72S2UlA": 9.564388275146484,
    "amlwSiqE8WrghAHO7AHyeg": 8.852445602416992,
    "ojk9NWd9QTWIhu55EN-hcQ": 9.047595024108887,
    "xeJeaPDrWyeo7eaZF_Vbrg": 8.869709014892578
}