{
    "4ekuVsZdDiEYyIXR1zfZ2A": 9.941563606262207,
    "4yStXW33uG870sRIrXktdw": 10.636131286621094,
    "eKbN4KVQYgGt3flbYqfXzw": 9.340601921081543,
    "j-JedvOQYjOlif0MLCvVKg": 9.678906440734863,
    "rCIqgOqNlaTked75FMk3Cw": 9.791685104370117
}